Language,Translated Review,Summary,Follow-up Message,product_category
de,"Device arrived defective. The display indicated that the programs were running, but the drive shaft did not move.",The device arrived defective with the display showing programs running but the drive shaft not moving.,We are sorry to hear that the device arrived defective. Please contact our customer support for assistance with resolving this issue.,kitchen
de,"For sandwiches, Burger Patty's he is very ok, but I don't like steaks, hands or sausages. It looks good from the device itself and is space -saving.","The device is suitable for making burger patties but not preferred for steaks, hands, or sausages, with a compact and visually appealing design.",Thank you for sharing your feedback on the device. We appreciate your comments and will take them into consideration for future improvements.,kitchen
es,"It is very well achieved, but has unpainted parts. On the other hand, the fact that I cannot put it in the microwave (the label says), made to me back. It is pretty, if it weren't for that reason I would return it. Recommended, halfway.","The product is well-made but has unpainted parts, and the inability to microwave it was a drawback, otherwise recommended with some reservations.",Thank you for your detailed feedback on the product. We apologize for any inconvenience caused by the unpainted parts and the microwave restriction. Your comments will be shared with the relevant team for further review.,kitchen
de,"After less than 30 seconds, my dog ​​threw them around and the feed was scattered everywhere. Can't recommend it personally.","The dog toys were quickly scattered by the dog within 30 seconds, leading to a recommendation against them.","Thank you for sharing your experience with the dog toys. We apologize for any inconvenience caused and appreciate your feedback, which will be taken into consideration for product improvement.",pet_products
de,Is not so good because the feces sticks to the butt,The product is not effective as feces sticks to the butt.,Thank you for sharing your feedback. We apologize for any inconvenience caused and will look into ways to improve the product to address this issue.,pet_products
de,to have tasted. :),The product was tried and enjoyed. :),We are glad to hear that you enjoyed the product! Thank you for sharing your positive experience. :),pet_products
de,"Inside sole dissolved after about 4 weeks, Velcro also worn out and breaks. This shoes are not recommended, cheap quality.","The shoes had issues with the insole dissolving and the Velcro wearing out quickly, indicating poor quality and not recommended.","Thank you for sharing your experience with the shoes. We apologize for the quality issues you encountered and appreciate your feedback, which will be used to improve our products.",shoes
en,,"The sunglasses felt cheap and flimsy, prompting the decision to return them despite an okay appearance.","We appreciate your feedback on the sunglasses. We apologize for any disappointment caused by the quality, and we will take your comments into consideration for future product enhancements.",shoes
fr,Very appreciable appearance. Correctly size the air quality good to see over time. Received 48 hours before the delivery date. Satisfied.,"The product has a very appealing appearance, the size is correct, the air quality seems good, and the early delivery was appreciated, resulting in overall satisfaction.","Thank you for your positive feedback on the product. We are delighted to hear that you are satisfied with your purchase and the early delivery. Your satisfaction is our priority, and we look forward to serving you again in the future.",shoes
de,"The battery is just an original, so nothing to complain about. However, the packaging is absolutely customer -unfriendly. I understand that you want to protect the batteries from theft in the shop, but if I need about 15 minutes in the house after the delivery of Amazon to open the packaging, I feel that it is imposition.","The battery is original and satisfactory, but the packaging is excessively difficult to open, causing inconvenience and feeling like an imposition.",Thank you for sharing your feedback regarding the battery and its packaging. We apologize for any inconvenience caused by the difficult-to-open packaging and appreciate your understanding. Your comments will be taken into consideration for improving our packaging in the future.,home_improvement
de,"The insulating tape does not stick as tight as I expected, so only 4 stars","The insulating tape did not adhere as tightly as expected, resulting in a 4-star rating.",Thank you for your feedback on the insulating tape. We appreciate your rating and will take into consideration ways to improve the adhesion for future products.,home_improvement
en,,"The chair socks are loved for matching the dining chairs' color and protecting hardwood floors from scratching, but they tend to slide off more frequently used chairs due to material weakening, suggesting a desire for more elastic to improve grip.",Thank you for sharing your experience with the chair socks. We appreciate your feedback and will consider adding more elastic to improve their grip on chair legs. Your satisfaction and feedback are important to us as we strive to enhance our products.,home_improvement
de,Nice part with a good price/performance ratio. Fast delivery. Looks high quality and is cool packed. Could be a Christmas present for my badminton buddy ...,"The product is a nice item with a good price-performance ratio, fast delivery, high-quality appearance, and attractive packaging, suitable as a potential Christmas present for a badminton buddy.","Vielen Dank für Ihr positives Feedback zu unserem Produkt! Wir freuen uns, dass Sie mit dem Preis-Leistungs-Verhältnis, der schnellen Lieferung und der hochwertigen Verpackung zufrieden sind. Es freut uns zu hören, dass es ein potenzielles Weihnachtsgeschenk für Ihren Badminton-Kumpel sein könnte. Wir wünschen Ihnen eine schöne Weihnachtszeit!",jewelry
fr,"Received very quickly, nice article, good size, impeccable","The item was received very quickly, is nice, of good size, and in impeccable condition.",Nous vous remercions pour votre commentaire positif! Nous sommes ravis d'apprendre que vous avez reçu votre article rapidement et qu'il correspond à vos attentes en termes de qualité et de taille. N'hésitez pas à nous contacter si vous avez besoin d'aide supplémentaire.,jewelry
en,,"The belt is too small to start the mower as reported by other reviews, leading to quick burning of the belt when attempted.",Thank you for sharing your experience with the belt. We apologize for any inconvenience caused and will investigate this issue further to ensure product quality and compatibility. Your feedback is valuable to us.,industrial_supplies
en,,"The reviewer encountered issues with the supplied cable not charging the battery, but after using their own cable, they were able to connect the device via Bluetooth to a PC, where the PC software worked well for testing, although they faced difficulties connecting to iPhones or iPads via Bluetooth, considering hard-wiring if needed for their product.","Thank you for sharing your detailed experience with the device. We apologize for the initial issues you faced and appreciate your patience in resolving them. Your feedback on the connectivity with iPhones and iPads will be taken into consideration for future improvements. If you require further assistance or have any questions, please feel free to reach out to us.",industrial_supplies
en,,"The reviewer purchased the blue shade which is large, provides ample shade without interfering with work, required Velcro to secure it to the hard hat to prevent spinning, overall loving the product.","Thank you for sharing your experience with the blue shade. We are glad to hear that it provides ample shade and doesn't interfere with your work. We appreciate your feedback on using Velcro to secure it and will consider this for product enhancements. If you have any further suggestions or need assistance, please don't hesitate to contact us.",industrial_supplies
en,,"The purchased item for the reviewer's husband stopped working after 3 months, despite having a 1-year warranty, they have been struggling to contact support for a replacement.",We apologize for the inconvenience you have experienced with the item purchased for your husband. Please accept our sincere apologies for the difficulty in reaching our support team. We are committed to resolving this issue promptly and ensuring that you receive the necessary assistance for a replacement under the warranty. Kindly provide us with your contact details so we can assist you further. Thank you for your patience and understanding.,pc
en,,"The reviewer appreciated the packaging and design of the product but found it ineffective for its intended purpose, only using it to hold their phone while watching movies.","Thank you for sharing your feedback on the product. We apologize that it did not meet your expectations in terms of functionality. Your comments are valuable to us, and we will take them into consideration for future product improvements. If you have any further suggestions or feedback, please feel free to let us know.",pc
de,"The battery is just an original, so nothing to complain about. However, the packaging is absolutely customer -unfriendly. I understand that you want to protect the batteries from theft in the shop, but if I need about 15 minutes in the house after the delivery of Amazon to open the packaging, I feel that it is imposition.","The battery is original and satisfactory, but the packaging is overly customer-unfriendly, requiring significant effort to open after delivery, leading to a feeling of imposition.","Vielen Dank für Ihr Feedback zu unserem Produkt. Es tut uns leid zu hören, dass die Verpackung als kundenunfreundlich empfunden wurde. Wir werden Ihre Anmerkungen zur Verbesserung unserer Verpackung berücksichtigen, um zukünftige Erfahrungen zu optimieren. Ihre Meinung ist uns wichtig, und wir schätzen Ihre Rückmeldung.",home
de,"The insulating tape does not stick as tight as I expected, so only 4 stars","The insulating tape did not adhere as tightly as expected, resulting in a 4-star rating.","Vielen Dank für Ihr Feedback zu dem Isolierband. Wir bedauern, dass es nicht so fest haftet, wie Sie es erwartet haben. Ihre Bewertung und Anmerkungen sind für uns wichtig, und wir werden prüfen, wie wir die Haftung des Bands verbessern können. Wenn Sie weitere Fragen oder Anliegen haben, stehen wir Ihnen gerne zur Verfügung.",home
en,,The product sheds excessively.,"Thank you for sharing your feedback. We apologize for any inconvenience caused by the shedding of the product. Your comment will be taken into consideration for product improvement. If you need further assistance or have any questions, please feel free to reach out to us.",home
no,Not very user friendly.,The product is not very user-friendly according to the review.,"Thank you for your feedback. We apologize for any difficulties you experienced with the product's usability. Your comment will be taken into consideration as we strive to enhance the user-friendliness of our products. If you have any specific suggestions or need assistance, please feel free to contact us.",other
en,,"The product is described as very sturdy and lightweight, suitable for use with a hammock.","Thank you for sharing your experience with the product. We are glad to hear that it met your expectations in terms of sturdiness and lightweight design for your hammock. If you have any further feedback or need assistance in the future, please don't hesitate to reach out to us.",other
es,They do not bring the strings that come out in the photos,"The product does not include the strings shown in the photos, as mentioned in the review.","Gracias por tu comentario. Lamentamos la confusión con las cuerdas que se muestran en las fotos. Revisaremos la información del producto para asegurarnos de que sea precisa y clara. Si necesitas alguna asistencia adicional, no dudes en contactarnos. ¡Gracias por tu retroalimentación!",lawn_and_garden
es,"It does not serve to sit, except if you are a child. The legs open and break it.","The product is not suitable for sitting, except for children, as the legs open and break it, as indicated in the review.","Agradecemos tu comentario sobre el producto. Lamentamos que no haya cumplido tus expectativas en cuanto a su uso para sentarse. Tomaremos en cuenta tus observaciones para mejorar la calidad y funcionalidad del producto. Si necesitas más ayuda o tienes alguna pregunta, no dudes en contactarnos. ¡Gracias por compartir tu experiencia!",lawn_and_garden
es,"This product is not valid for MTB, halfway, when I went to use it to remove a wheel, it was ate disassembled","The product is not suitable for mountain biking as it partially disassembled when used to remove a wheel, as described in the review.","Lamentamos escuchar sobre tu experiencia con el producto. Agradecemos tus comentarios y tomaremos en consideración esta información para mejorar la calidad y funcionalidad del producto. Si necesitas asistencia adicional o tienes alguna pregunta, por favor no dudes en contactarnos. ¡Gracias por compartir tu opinión!",sports
es,"The back brake works fatal, on several occasions I have had to stop with my feet because or otherwise I was crashing with people and apart from that it makes a fatal noise and does not endure the 25km of autonomy as they say only 14 ago and gives thanks.","The back brake performs poorly, requiring the reviewer to stop with their feet to avoid collisions, accompanied by a loud noise, and the battery does not last the advertised 25km, only reaching 14km, as expressed in the review.","Lamentamos escuchar sobre los problemas que has experimentado con el freno trasero y la autonomía del producto. Agradecemos tus comentarios, los cuales serán tomados en cuenta para mejorar la calidad y rendimiento del mismo. Si necesitas asistencia adicional o deseas compartir más detalles, por favor no dudes en contactarnos. ¡Gracias por compartir tu experiencia!",sports
es,A quality product is seen and folds to save it. I have had to return since it is very large and only is worth for large doors,"The product is of good quality, foldable for storage, but had to be returned as it is too large and only suitable for large doors, as mentioned in the review.","Agradecemos tu comentario sobre la calidad y funcionalidad del producto. Lamentamos que no haya sido adecuado para tus necesidades debido a su tamaño. Tomaremos en consideración esta información para mejorar la descripción del producto y evitar confusiones en el futuro. Si necesitas ayuda con la devolución o tienes alguna otra pregunta, no dudes en contactarnos. ¡Gracias por compartir tu experiencia!",sports
